1,101,Instagram,1
2,101,google.com,2
3,101,facebook.com,3
4,101,twitter.com,4
5,101,Instagram1,5
6,101,Instagram2,6
7,101,Instagram3,7
8,101,Instagram4,8
9,101,Instagram5,9
10,101,Instagram6,10
11,101,Instagram7,11
12,101,Instagram8,12
13,101,Instagram9,13
14,101,Instagram10,14
15,101,Instagram11,15
16,101,Instagram12,16
17,101,Instagram13,17
18,101,Instagram14,18
19,101,Instagram15,19
20,101,Instagram16,20
21,101,Instagram17,21
22,101,Instagram18,22
23,101,Instagram19,23
24,101,Instagram20,24
25,101,Instagram21,25
26,101,Instagram22,26
27,101,Instagram23,27
28,101,Instagram24,28
29,101,Instagram25,29
30,101,Instagram26,30
31,101,Instagram27,31
32,101,Instagram28,32
33,101,Instagram29,33
34,101,Instagram30,34
35,101,Instagram31,35
36,101,Instagram32,36
37,101,Instagram33,37
38,101,Instagram34,38
39,101,Instagram35,39
40,101,Instagram36,40
41,101,Instagram37,41
42,101,Instagram38,42
43,101,Instagram39,43
44,101,Instagram40,44
45,101,Instagram41,45
46,101,Instagram42,46
47,101,Instagram43,47
48,101,Instagram44,48
49,101,Instagram45,49
50,101,Instagram46,50
51,101,Instagram47,51
52,101,Instagram48,52
53,101,Instagram49,53
54,101,Instagram50,54
55,101,Instagram51,55
56,101,Instagram52,56
57,101,Instagram53,57
58,101,Instagram54,58
59,101,Instagram55,59
60,101,Instagram56,60
61,101,Instagram57,61
62,101,Instagram58,62
63,101,Instagram59,63
64,101,Instagram60,64
65,101,Instagram61,65
66,101,Instagram62,66
67,101,Instagram63,67
68,101,Instagram64,68
69,101,Instagram65,69
70,101,Instagram66,70
71,101,Instagram67,71
72,101,Instagram68,72
73,101,Instagram69,73
74,101,Instagram70,74
75,101,Instagram71,75
76,101,Instagram72,76
77,101,Instagram73,77
78,101,Instagram74,78
79,101,Instagram75,79
80,101,Instagram76,80
81,101,Instagram77,81
82,101,Instagram78,82
83,101,Instagram79,83
84,101,Instagram80,84
85,101,Instagram81,85
86,101,Instagram82,86
87,101,Instagram83,87
88,101,Instagram84,88
89,101,Instagram85,89
90,101,Instagram86,90
91,101,Instagram87,91
92,101,Instagram88,92
93,101,Instagram89,93
94,101,Instagram90,94
95,101,Instagram91,95
96,101,Instagram92,96
97,101,Instagram93,97
98,101,Instagram94,98
99,101,Instagram95,99
100,101,Instagram96,100
101,101,Instagram97,101
102,101,Instagram98,102
103,101,Instagram99,103
104,101,Instagram100,104
105,101,Instagram101,105
106,101,Instagram102,106
107,101,Instagram103,107
108,101,Instagram104,108
109,101,Instagram105,109
110,101,Instagram106,110
111,101,Instagram107,111
112,101,Instagram108,112
113,101,Instagram109,113
114,101,Instagram110,114
115,101,Instagram111,115
116,101,Instagram112,116
117,101,Instagram113,117
118,101,Instagram114,118
119,101,Instagram115,119
120,101,Instagram116,120
121,101,Instagram117,121
122,101,Instagram118,122
123,101,Instagram119,123
124,101,Instagram120,124
125,101,Instagram121,125
126,101,Instagram122,126
127,101,Instagram123,127
128,101,Instagram124,128
129,101,Instagram125,129
130,101,Instagram126,130
131,101,Instagram127,131
132,101,Instagram128,132
133,101,Instagram129,133
134,101,Instagram130,134
135,101,Instagram131,135
136,101,Instagram132,136
137,101,Instagram133,137
138,101,Instagram134,138
139,101,Instagram135,139
140,101,Instagram136,140
141,101,Instagram137,141
142,101,Instagram138,142
143,101,Instagram139,143
144,101,Instagram140,144
145,101,Instagram141,145
146,101,Instagram142,146
147,101,Instagram143,147
148,101,Instagram144,148
149,101,Instagram145,149
150,101,Instagram146,150
151,101,Instagram147,151
152,101,Instagram148,152
153,101,Instagram149,153
154,101,Instagram150,154
155,101,Instagram151,155
156,101,Instagram152,156
157,101,Instagram153,157
158,101,Instagram154,158
159,101,Instagram155,159
160,101,Instagram156,160
161,101,Instagram157,161
162,101,Instagram158,162
163,101,Instagram159,163
164,101,Instagram160,164
165,101,Instagram161,165
166,101,Instagram162,166
167,101,Instagram163,167
168,101,Instagram164,168
169,101,Instagram165,169
170,101,Instagram166,170
171,101,Instagram167,171
172,101,Instagram168,172
173,101,Instagram169,173
174,101,Instagram170,174
175,101,Instagram171,175
176,101,Instagram172,176
177,101,Instagram173,177
178,101,Instagram174,178
179,101,Instagram175,179
180,101,Instagram176,180
181,101,Instagram177,181
182,101,Instagram178,182
183,101,Instagram179,183
184,101,Instagram180,184
185,101,Instagram181,185
186,101,Instagram182,186
187,101,Instagram183,187
188,101,Instagram184,188
189,101,Instagram185,189
190,101,Instagram186,190
191,101,Instagram187,191
192,101,Instagram188,192
193,101,Instagram189,193
194,201,Instagram190,1
195,201,Instagram191,2
196,201,Instagram192,3
197,201,Instagram193,4
198,201,Instagram194,5
199,201,Instagram195,6
200,201,Instagram196,7
201,201,Instagram197,8
202,201,Instagram198,9
203,201,Instagram199,10
204,201,Instagram200,11
205,201,Instagram201,12
206,201,Instagram202,13
207,201,Instagram203,14
208,201,Instagram204,15
209,201,Instagram205,16
210,201,Instagram206,17
211,201,Instagram207,18
212,201,Instagram208,19
213,201,Instagram209,20
214,201,Instagram210,21
215,201,Instagram211,22
216,201,Instagram212,23
217,201,Instagram213,24
218,201,Instagram214,25
219,201,Instagram215,26
220,201,Instagram216,27
221,201,Instagram217,28
222,201,Instagram218,29
223,201,Instagram219,30
224,201,Instagram220,31
225,201,Instagram221,32
226,201,Instagram222,33
227,201,Instagram223,34
228,201,Instagram224,35
229,201,Instagram225,36
230,201,Instagram226,37
231,201,Instagram227,38
232,201,Instagram228,39
233,201,Instagram229,40
234,201,Instagram230,41
235,201,Instagram231,42
236,201,Instagram232,43
237,201,Instagram233,44
238,201,Instagram234,45
239,201,Instagram235,46
240,201,Instagram236,47
241,201,Instagram237,48
242,201,Instagram238,49
243,201,Instagram239,50
244,201,Instagram240,51
245,201,Instagram241,52
246,201,Instagram242,53
247,201,Instagram243,54
248,201,Instagram244,55
249,201,Instagram245,56
250,201,Instagram246,57
251,201,Instagram247,58
252,201,Instagram248,59
253,201,Instagram249,60
254,201,Instagram250,61
255,201,Instagram251,62
256,201,Instagram252,63
257,201,Instagram253,64
258,201,Instagram254,65
259,201,Instagram255,66
260,201,Instagram256,67
261,201,Instagram257,68
262,201,Instagram258,69
263,201,Instagram259,70
264,201,Instagram260,71
265,201,Instagram261,72
266,201,Instagram262,73
267,201,Instagram263,74
268,201,Instagram264,75
269,201,Instagram265,76
270,201,Instagram266,77
271,201,Instagram267,78
272,201,Instagram268,79
273,201,Instagram269,80
274,201,Instagram270,81
275,201,Instagram271,82
276,201,Instagram272,83
277,201,Instagram273,84
278,201,Instagram274,85
279,201,Instagram275,86
280,201,Instagram276,87
281,201,Instagram277,88
282,201,Instagram278,89
283,201,Instagram279,90
284,201,Instagram280,91
285,201,Instagram281,92
286,201,Instagram282,93
287,201,Instagram283,94
288,201,Instagram284,95
289,201,Instagram285,96
290,201,Instagram286,97
291,201,Instagram287,98
292,201,Instagram288,99
293,201,Instagram289,100
294,201,Instagram290,101
295,201,Instagram291,102
296,201,Instagram292,103
297,201,Instagram293,104
298,201,Instagram294,105
299,201,Instagram295,106
300,201,Instagram296,107
301,201,Instagram297,108
302,201,Instagram298,109
303,201,Instagram299,110
304,201,Instagram300,111
305,201,Instagram301,112
306,201,Instagram302,113
307,201,Instagram303,114
308,201,Instagram304,115
309,201,Instagram305,116
310,201,Instagram306,117
311,201,Instagram307,118
312,201,Instagram308,119
313,201,Instagram309,120
314,201,Instagram310,121
315,201,Instagram311,122
316,201,Instagram312,123
317,201,Instagram313,124
318,201,Instagram314,125
319,201,Instagram315,126
320,201,Instagram316,127
321,201,Instagram317,128
322,201,Instagram318,129
323,201,Instagram319,130
324,201,Instagram320,131
325,201,Instagram321,132
326,201,Instagram322,133
327,201,Instagram323,134
328,201,Instagram324,135
329,201,Instagram325,136
330,201,Instagram326,137
331,201,Instagram327,138
332,201,Instagram328,139
333,201,Instagram329,140
334,201,Instagram330,141
335,201,Instagram331,142
336,201,Instagram332,143
337,201,Instagram333,144
338,201,Instagram334,145
339,201,Instagram335,146
340,201,Instagram336,147
341,201,Instagram337,148
342,201,Instagram338,149
343,201,Instagram339,150
344,201,Instagram340,151
345,201,Instagram341,152
346,201,Instagram342,153
347,201,Instagram343,154
348,201,Instagram344,155
349,201,Instagram345,156
350,201,Instagram346,157
351,201,Instagram347,158
352,201,Instagram348,159
353,201,Instagram349,160
354,201,Instagram350,161
355,201,Instagram351,162
356,201,Instagram352,163
357,201,Instagram353,164
358,201,Instagram354,165
359,201,Instagram355,166
360,201,Instagram356,167
361,201,Instagram357,168
362,201,Instagram358,169
363,201,Instagram359,170
364,201,Instagram360,171
365,201,Instagram361,172
366,201,Instagram362,173
367,201,Instagram363,174
368,201,Instagram364,175
369,201,Instagram365,176
370,201,Instagram366,177
371,201,Instagram367,178
372,201,Instagram368,179
373,201,Instagram369,180
374,201,Instagram370,181
375,201,Instagram371,182
376,201,Instagram372,183
377,201,Instagram373,184
378,201,Instagram374,185
379,201,Instagram375,186
380,201,Instagram376,187
381,201,Instagram377,188
382,201,Instagram378,189
383,201,Instagram379,190
384,201,Instagram380,191
385,201,Instagram381,192
386,201,Instagram382,193
387,201,Instagram383,194
388,201,Instagram384,195
389,201,Instagram385,196
390,201,Instagram386,197
391,201,Instagram387,198
392,201,Instagram388,199
393,201,Instagram389,200
394,201,Instagram390,201
395,201,Instagram391,202
396,201,Instagram392,203
397,201,Instagram393,204
398,201,Instagram394,205
399,201,Instagram395,206
400,201,Instagram396,207
401,201,Instagram397,208
402,201,Instagram398,209
403,201,Instagram399,210
404,201,Instagram400,211
405,201,Instagram401,212
406,201,Instagram402,213
407,201,Instagram403,214
408,201,Instagram404,215
409,201,Instagram405,216
410,201,Instagram406,217
411,201,Instagram407,218
412,201,Instagram408,219
413,201,Instagram409,220
414,201,Instagram410,221
415,201,Instagram411,222
416,201,Instagram412,223
417,201,Instagram413,224
418,201,Instagram414,225
419,201,Instagram415,226
420,201,Instagram416,227
421,201,Instagram417,228
422,201,Instagram418,229
423,201,Instagram419,230
424,201,Instagram420,231
425,201,Instagram421,232
426,201,Instagram422,233
427,201,Instagram423,234
428,201,Instagram424,235
429,201,Instagram425,236
430,201,Instagram426,237
431,201,Instagram427,238
432,201,Instagram428,239
433,201,Instagram429,240
434,201,Instagram430,241
435,201,Instagram431,242
436,201,Instagram432,243
437,201,Instagram433,244
438,201,Instagram434,245
439,201,Instagram435,246
440,201,Instagram436,247
441,201,Instagram437,248
442,201,Instagram438,249
443,201,Instagram439,250
444,201,Instagram440,251
445,201,Instagram441,252
446,201,Instagram442,253
447,201,Instagram443,254
448,201,Instagram444,255
449,201,Instagram445,256
450,201,Instagram446,257
451,201,Instagram447,258
452,201,Instagram448,259
453,201,Instagram449,260
454,201,Instagram450,261
455,201,Instagram451,262
456,201,Instagram452,263
457,201,Instagram453,264
458,201,Instagram454,265
459,201,Instagram455,266
460,201,Instagram456,267
461,201,Instagram457,268
462,201,Instagram458,269
463,201,Instagram459,270
464,201,Instagram460,271
465,201,Instagram461,272
466,201,Instagram462,273
467,201,Instagram463,274
468,201,Instagram464,275
469,201,Instagram465,276
470,201,Instagram466,277
471,201,Instagram467,278
472,201,Instagram468,279
473,201,Instagram469,280
474,201,Instagram470,281
475,201,Instagram471,282
476,201,Instagram472,283
477,201,Instagram473,284
478,201,Instagram474,285
479,201,Instagram475,286
480,201,Instagram476,287
481,201,Instagram477,288
482,201,Instagram478,289
483,201,Instagram479,290
484,201,Instagram480,291
485,201,Instagram481,292
486,201,Instagram482,293
487,201,Instagram483,294
488,201,Instagram484,295
489,201,Instagram485,296
490,201,Instagram486,297
491,201,Instagram487,298
492,201,Instagram488,299
493,201,Instagram489,300
494,201,Instagram490,301
495,201,Instagram491,302
496,201,Instagram492,303
497,201,Instagram493,304
498,201,Instagram494,305
499,201,Instagram495,306
500,201,Instagram496,307
501,201,Instagram497,308
502,201,Instagram498,309
503,201,Instagram499,310
504,201,Instagram500,311
505,201,Instagram501,312
506,201,Instagram502,313
507,201,Instagram503,314
508,201,Instagram504,315
509,201,Instagram505,316
510,201,Instagram506,317
511,201,Instagram507,318
512,201,Instagram508,319
513,201,Instagram509,320
514,201,Instagram510,321
515,201,Instagram511,322
516,201,Instagram512,323
517,201,Instagram513,324
518,201,Instagram514,325
519,201,Instagram515,326
520,201,Instagram516,327
521,201,Instagram517,328
522,201,Instagram518,329
523,201,Instagram519,330
524,201,Instagram520,331
525,201,Instagram521,332
526,201,Instagram522,333
527,201,Instagram523,334
528,201,Instagram524,335
529,201,Instagram525,336
530,201,Instagram526,337
531,201,Instagram527,338
532,201,Instagram528,339
533,201,Instagram529,340
534,201,Instagram530,341
535,201,Instagram531,342
536,201,Instagram532,343
537,201,Instagram533,344
538,201,Instagram534,345
539,201,Instagram535,346
540,201,Instagram536,347
541,201,Instagram537,348
542,201,Instagram538,349
543,201,Instagram539,350
544,201,Instagram540,351
545,201,Instagram541,352
546,201,Instagram542,353
547,201,Instagram543,354
548,201,Instagram544,355
549,201,Instagram545,356
550,201,Instagram546,357
551,201,Instagram547,358
552,201,Instagram548,359
553,201,Instagram549,360
554,201,Instagram550,361
555,201,Instagram551,362
556,201,Instagram552,363
557,201,Instagram553,364
558,201,Instagram554,365
559,201,Instagram555,366
560,201,Instagram556,367
561,201,Instagram557,368
562,201,Instagram558,369
563,201,Instagram559,370
564,201,Instagram560,371
565,201,Instagram561,372
566,201,Instagram562,373
567,201,Instagram563,374
568,201,Instagram564,375
569,201,Instagram565,376
570,201,Instagram566,377
571,201,Instagram567,378
572,201,Instagram568,379
573,201,Instagram569,380
574,201,Instagram570,381
575,201,Instagram571,382
576,201,Instagram572,383
577,201,Instagram573,384
578,201,Instagram574,385
579,201,Instagram575,386
580,201,Instagram576,387
581,201,Instagram577,388
582,201,Instagram578,389
583,201,Instagram579,390
584,201,Instagram580,391
585,201,Instagram581,392
586,201,Instagram582,393
587,201,Instagram583,394
588,201,Instagram584,395
589,201,Instagram585,396
590,201,Instagram586,397
591,201,Instagram587,398
592,201,Instagram588,399
593,201,Instagram589,400
594,301,Instagram590,1
595,301,Instagram591,2
596,301,Instagram592,3
597,301,Instagram593,4
598,301,Instagram594,5
599,301,Instagram595,6
600,301,Instagram596,7
601,301,Instagram597,8
602,301,Instagram598,9
603,301,Instagram599,10
604,301,Instagram600,11
605,301,Instagram601,12
606,301,Instagram602,13
607,301,Instagram603,14
608,301,Instagram604,15
609,301,Instagram605,16
610,301,Instagram606,17
611,301,Instagram607,18
612,301,Instagram608,19
613,301,Instagram609,20
614,301,Instagram610,21
615,301,Instagram611,22
616,301,Instagram612,23
617,301,Instagram613,24
618,301,Instagram614,25
619,301,Instagram615,26
620,301,Instagram616,27
621,301,Instagram617,28
622,301,Instagram618,29
623,301,Instagram619,30
624,301,Instagram620,31
625,301,Instagram621,32
626,301,Instagram622,33
627,301,Instagram623,34
628,301,Instagram624,35
629,301,Instagram625,36
630,301,Instagram626,37
631,301,Instagram627,38
632,301,Instagram628,39
633,301,Instagram629,40
634,301,Instagram630,41
635,301,Instagram631,42
636,301,Instagram632,43
637,301,Instagram633,44
638,301,Instagram634,45
639,301,Instagram635,46
640,301,Instagram636,47
641,301,Instagram637,48
642,301,Instagram638,49
643,301,Instagram639,50
644,301,Instagram640,51
645,301,Instagram641,52
646,301,Instagram642,53
647,301,Instagram643,54
648,301,Instagram644,55
649,301,Instagram645,56
650,301,Instagram646,57
651,301,Instagram647,58
652,301,Instagram648,59
653,301,Instagram649,60
654,301,Instagram650,61
655,301,Instagram651,62
656,301,Instagram652,63
657,301,Instagram653,64
658,301,Instagram654,65
659,301,Instagram655,66
660,301,Instagram656,67
661,301,Instagram657,68
662,301,Instagram658,69
663,301,Instagram659,70
664,301,Instagram660,71
665,301,Instagram661,72
666,301,Instagram662,73
667,301,Instagram663,74
668,301,Instagram664,75
669,301,Instagram665,76
670,301,Instagram666,77
671,301,Instagram667,78
672,301,Instagram668,79
673,301,Instagram669,80
674,301,Instagram670,81
675,301,Instagram671,82
676,301,Instagram672,83
677,301,Instagram673,84
678,301,Instagram674,85
679,301,Instagram675,86
680,301,Instagram676,87
681,301,Instagram677,88
682,301,Instagram678,89
683,301,Instagram679,90
684,301,Instagram680,91
685,301,Instagram681,92
686,301,Instagram682,93
687,301,Instagram683,94
688,301,Instagram684,95
689,301,Instagram685,96
690,301,Instagram686,97
691,301,Instagram687,98
692,301,Instagram688,99
693,301,Instagram689,100
694,301,Instagram690,101
695,301,Instagram691,102
696,301,Instagram692,103
697,301,Instagram693,104
698,301,Instagram694,105
699,301,Instagram695,106
700,301,Instagram696,107
701,301,Instagram697,108
702,301,Instagram698,109
703,301,Instagram699,110
704,301,Instagram700,111
705,301,Instagram701,112
706,301,Instagram702,113
707,301,Instagram703,114
708,301,Instagram704,115
709,301,Instagram705,116
710,301,Instagram706,117
711,301,Instagram707,118
712,301,Instagram708,119
713,301,Instagram709,120
714,301,Instagram710,121
715,301,Instagram711,122
716,301,Instagram712,123
717,301,Instagram713,124
718,301,Instagram714,125
719,301,Instagram715,126
720,301,Instagram716,127
721,301,Instagram717,128
722,301,Instagram718,129
723,301,Instagram719,130
724,301,Instagram720,131
725,301,Instagram721,132
726,301,Instagram722,133
727,301,Instagram723,134
728,301,Instagram724,135
729,301,Instagram725,136
730,301,Instagram726,137
731,301,Instagram727,138
732,301,Instagram728,139
733,301,Instagram729,140
734,301,Instagram730,141
735,301,Instagram731,142
736,301,Instagram732,143
737,301,Instagram733,144
738,301,Instagram734,145
739,301,Instagram735,146
740,301,Instagram736,147
741,301,Instagram737,148
742,301,Instagram738,149
743,301,Instagram739,150
744,301,Instagram740,151
745,301,Instagram741,152
746,301,Instagram742,153
747,301,Instagram743,154
748,301,Instagram744,155
749,301,Instagram745,156
750,301,Instagram746,157
751,301,Instagram747,158
752,301,Instagram748,159
753,301,Instagram749,160
754,301,Instagram750,161
755,301,Instagram751,162
756,301,Instagram752,163
757,301,Instagram753,164
758,301,Instagram754,165
759,301,Instagram755,166
760,301,Instagram756,167
761,301,Instagram757,168
762,301,Instagram758,169
763,301,Instagram759,170
764,301,Instagram760,171
765,301,Instagram761,172
766,301,Instagram762,173
767,301,Instagram763,174
768,301,Instagram764,175
769,301,Instagram765,176
770,301,Instagram766,177
771,301,Instagram767,178
772,301,Instagram768,179
773,301,Instagram769,180
774,301,Instagram770,181
775,301,Instagram771,182
776,301,Instagram772,183
777,301,Instagram773,184
778,301,Instagram774,185
779,301,Instagram775,186
780,301,Instagram776,187
781,301,Instagram777,188
782,301,Instagram778,189
783,301,Instagram779,190
784,301,Instagram780,191
785,301,Instagram781,192
786,301,Instagram782,193
787,301,Instagram783,194
788,301,Instagram784,195
789,301,Instagram785,196
790,301,Instagram786,197
791,301,Instagram787,198
792,301,Instagram788,199
793,301,Instagram789,200
794,301,Instagram790,201
795,301,Instagram791,202
796,301,Instagram792,203
797,301,Instagram793,204
798,301,Instagram794,205
799,301,Instagram795,206
800,301,Instagram796,207
801,301,Instagram797,208
802,301,Instagram798,209
803,301,Instagram799,210
804,301,Instagram800,211
805,301,Instagram801,212
806,301,Instagram802,213
807,301,Instagram803,214
808,301,Instagram804,215
809,301,Instagram805,216
810,301,Instagram806,217
811,301,Instagram807,218
812,301,Instagram808,219
813,301,Instagram809,220
814,301,Instagram810,221
815,301,Instagram811,222
816,301,Instagram812,223
817,301,Instagram813,224
818,301,Instagram814,225
819,301,Instagram815,226
820,301,Instagram816,227
821,301,Instagram817,228
822,301,Instagram818,229
823,301,Instagram819,230
824,301,Instagram820,231
825,301,Instagram821,232
826,301,Instagram822,233
827,301,Instagram823,234
828,301,Instagram824,235
829,301,Instagram825,236
830,301,Instagram826,237
831,301,Instagram827,238
832,301,Instagram828,239
833,301,Instagram829,240
834,301,Instagram830,241
835,301,Instagram831,242
836,301,Instagram832,243
837,301,Instagram833,244
838,301,Instagram834,245
839,301,Instagram835,246
840,301,Instagram836,247
841,301,Instagram837,248
842,301,Instagram838,249
843,301,Instagram839,250
844,301,Instagram840,251
845,301,Instagram841,252
846,301,Instagram842,253
847,301,Instagram843,254
848,301,Instagram844,255
849,301,Instagram845,256
850,301,Instagram846,257
851,301,Instagram847,258
852,301,Instagram848,259
853,301,Instagram849,260
854,301,Instagram850,261
855,301,Instagram851,262
856,301,Instagram852,263
857,301,Instagram853,264
858,301,Instagram854,265
859,301,Instagram855,266
860,301,Instagram856,267
861,301,Instagram857,268
862,301,Instagram858,269
863,301,Instagram859,270
864,301,Instagram860,271
865,301,Instagram861,272
866,301,Instagram862,273
867,301,Instagram863,274
868,301,Instagram864,275
869,301,Instagram865,276
870,301,Instagram866,277
871,301,Instagram867,278
872,301,Instagram868,279
873,301,Instagram869,280
874,301,Instagram870,281
875,301,Instagram871,282
876,301,Instagram872,283
877,301,Instagram873,284
878,301,Instagram874,285
879,301,Instagram875,286
880,301,Instagram876,287
881,301,Instagram877,288
882,301,Instagram878,289
883,301,Instagram879,290
884,301,Instagram880,291
885,301,Instagram881,292
886,301,Instagram882,293
887,301,Instagram883,294
888,301,Instagram884,295
889,301,Instagram885,296
890,301,Instagram886,297
891,301,Instagram887,298
892,301,Instagram888,299
893,301,Instagram889,300
894,301,Instagram890,301
895,301,Instagram891,302
896,301,Instagram892,303
897,301,Instagram893,304
898,301,Instagram894,305
899,301,Instagram895,306
900,301,Instagram896,307
901,301,Instagram897,308
902,301,Instagram898,309
903,301,Instagram899,310
904,301,Instagram900,311
905,301,Instagram901,312
906,301,Instagram902,313
907,301,Instagram903,314
908,301,Instagram904,315
909,301,Instagram905,316
910,301,Instagram906,317
911,301,Instagram907,318
912,301,Instagram908,319
913,301,Instagram909,320
914,301,Instagram910,321
915,301,Instagram911,322
916,301,Instagram912,323
917,301,Instagram913,324
918,301,Instagram914,325
919,301,Instagram915,326
920,301,Instagram916,327
921,301,Instagram917,328
922,301,Instagram918,329
923,301,Instagram919,330
924,301,Instagram920,331
925,301,Instagram921,332
926,301,Instagram922,333
927,301,Instagram923,334
928,301,Instagram924,335
929,301,Instagram925,336
930,301,Instagram926,337
931,301,Instagram927,338
932,301,Instagram928,339
933,301,Instagram929,340
934,301,Instagram930,341
935,301,Instagram931,342
936,301,Instagram932,343
937,301,Instagram933,344
938,301,Instagram934,345
939,301,Instagram935,346
940,301,Instagram936,347
941,301,Instagram937,348
942,301,Instagram938,349
943,301,Instagram939,350
944,301,Instagram940,351
945,301,Instagram941,352
946,301,Instagram942,353
947,301,Instagram943,354
948,301,Instagram944,355
949,301,Instagram945,356
950,301,Instagram946,357
951,301,Instagram947,358
952,301,Instagram948,359
953,301,Instagram949,360
954,301,Instagram950,361
955,301,Instagram951,362
956,301,Instagram952,363
957,301,Instagram953,364
958,301,Instagram954,365
959,301,Instagram955,366
960,301,Instagram956,367
961,301,Instagram957,368
962,301,Instagram958,369
963,301,Instagram959,370
964,301,Instagram960,371
965,301,Instagram961,372
966,301,Instagram962,373
967,301,Instagram963,374
968,301,Instagram964,375
969,301,Instagram965,376
970,301,Instagram966,377
971,301,Instagram967,378
972,301,Instagram968,379
973,301,Instagram969,380
974,301,Instagram970,381
975,301,Instagram971,382
976,301,Instagram972,383
977,301,Instagram973,384
978,301,Instagram974,385
979,301,Instagram975,386
980,301,Instagram976,387
981,301,Instagram977,388
982,301,Instagram978,389
983,301,Instagram979,390
984,301,Instagram980,391
985,301,Instagram981,392
986,301,Instagram982,393
987,301,Instagram983,394
988,301,Instagram984,395
989,301,Instagram985,396
990,301,Instagram986,397
991,301,Instagram987,398
992,401,Instagram3390,1
993,401,Instagram3391,2
994,401,Instagram3392,3
995,401,Instagram3393,4
996,401,Instagram3394,5
997,401,Instagram3395,6
998,401,Instagram3396,7
999,401,Instagram3397,8
1000,401,Instagram3398,9
1001,401,Instagram3399,10
1002,401,Instagram3400,11
1003,401,Instagram3401,12
1004,401,Instagram3402,13
1005,401,Instagram3403,14
1006,401,Instagram3404,15
1007,401,Instagram3405,16
1008,401,Instagram3406,17
1009,401,Instagram3407,18
1010,401,Instagram3408,19
1011,401,Instagram3409,20
1012,401,Instagram3410,21
1013,401,Instagram3411,22
1014,401,Instagram3412,23
1015,401,Instagram3413,24
1016,401,Instagram3414,25
1017,401,Instagram3415,26
1018,401,Instagram3416,27
1019,401,Instagram3417,28
1020,401,Instagram3418,29
1021,401,Instagram3419,30
1022,401,Instagram3420,31
1023,401,Instagram3421,32
1024,401,Instagram3422,33
1025,401,Instagram3423,34
1026,401,Instagram3424,35
1027,401,Instagram3425,36
1028,401,Instagram3426,37
1029,401,Instagram3427,38
1030,401,Instagram3428,39
1031,401,Instagram3429,40
1032,401,Instagram3430,41
1033,401,Instagram3431,42
1034,401,Instagram3432,43
1035,401,Instagram3433,44
1036,401,Instagram3434,45
1037,401,Instagram3435,46
1038,401,Instagram3436,47
1039,401,Instagram3437,48
1040,401,Instagram3438,49
1041,401,Instagram3439,50
1042,401,Instagram3440,51
1043,401,Instagram3441,52
1044,401,Instagram3442,53
1045,401,Instagram3443,54
1046,401,Instagram3444,55
1047,401,Instagram3445,56
1048,401,Instagram3446,57
1049,401,Instagram3447,58
1050,401,Instagram3448,59
1051,401,Instagram3449,60
1052,401,Instagram3450,61
1053,401,Instagram3451,62
1054,401,Instagram3452,63
1055,401,Instagram3453,64
1056,401,Instagram3454,65
1057,401,Instagram3455,66
1058,401,Instagram3456,67
1059,401,Instagram3457,68
1060,401,Instagram3458,69
1061,401,Instagram3459,70
1062,401,Instagram3460,71
1063,401,Instagram3461,72
1064,401,Instagram3462,73
1065,401,Instagram3463,74
1066,401,Instagram3464,75
1067,401,Instagram3465,76
1068,401,Instagram3466,77
1069,401,Instagram3467,78
1070,401,Instagram3468,79
1071,401,Instagram3469,80
1072,401,Instagram3470,81
1073,401,Instagram3471,82
1074,401,Instagram3472,83
1075,401,Instagram3473,84
1076,401,Instagram3474,85
1077,401,Instagram3475,86
1078,401,Instagram3476,87
1079,401,Instagram3477,88
1080,401,Instagram3478,89
1081,401,Instagram3479,90
1082,401,Instagram3480,91
1083,401,Instagram3481,92
1084,401,Instagram3482,93
1085,401,Instagram3483,94
1086,401,Instagram3484,95
1087,401,Instagram3485,96
1088,401,Instagram3486,97
1089,401,Instagram3487,98
1090,401,Instagram3488,99
1091,401,Instagram3489,100
1092,401,Instagram3490,101
1093,401,Instagram3491,102
1094,401,Instagram3492,103
1095,401,Instagram3493,104
1096,401,Instagram3494,105
1097,401,Instagram3495,106
1098,401,Instagram3496,107
1099,401,Instagram3497,108
1100,401,Instagram3498,109
1101,401,Instagram3499,110
1102,401,Instagram3500,111
1103,401,Instagram3501,112
1104,401,Instagram3502,113
1105,401,Instagram3503,114
1106,401,Instagram3504,115
1107,401,Instagram3505,116
1108,401,Instagram3506,117
1109,401,Instagram3507,118
1110,401,Instagram3508,119
1111,401,Instagram3509,120
1112,401,Instagram3510,121
1113,401,Instagram3511,122
1114,401,Instagram3512,123
1115,401,Instagram3513,124
1116,401,Instagram3514,125
1117,401,Instagram3515,126
1118,401,Instagram3516,127
1119,401,Instagram3517,128
1120,401,Instagram3518,129
1121,401,Instagram3519,130
1122,401,Instagram3520,131
1123,401,Instagram3521,132
1124,401,Instagram3522,133
1125,401,Instagram3523,134
1126,401,Instagram3524,135
1127,401,Instagram3525,136
1128,401,Instagram3526,137
1129,401,Instagram3527,138
1130,401,Instagram3528,139
1131,401,Instagram3529,140
1132,401,Instagram3530,141
1133,401,Instagram3531,142
1134,401,Instagram3532,143
1135,401,Instagram3533,144
1136,401,Instagram3534,145
1137,401,Instagram3535,146
1138,401,Instagram3536,147
1139,401,Instagram3537,148
1140,401,Instagram3538,149
1141,401,Instagram3539,150
1142,401,Instagram3540,151
1143,401,Instagram3541,152
1144,401,Instagram3542,153
1145,401,Instagram3543,154
1146,401,Instagram3544,155
1147,401,Instagram3545,156
1148,401,Instagram3546,157
1149,401,Instagram3547,158
1150,401,Instagram3548,159
1151,401,Instagram3549,160
1152,401,Instagram3550,161
1153,401,Instagram3551,162
1154,401,Instagram3552,163
1155,401,Instagram3553,164
1156,401,Instagram3554,165
1157,401,Instagram3555,166
1158,401,Instagram3556,167
1159,401,Instagram3557,168
1160,401,Instagram3558,169
1161,401,Instagram3559,170
1162,401,Instagram3560,171
1163,401,Instagram3561,172
1164,401,Instagram3562,173
1165,401,Instagram3563,174
1166,401,Instagram3564,175
1167,401,Instagram3565,176
1168,401,Instagram3566,177
1169,401,Instagram3567,178
1170,401,Instagram3568,179
1171,401,Instagram3569,180
1172,401,Instagram3570,181
1173,401,Instagram3571,182
1174,401,Instagram3572,183
1175,401,Instagram3573,184
1176,401,Instagram3574,185
1177,401,Instagram3575,186
1178,401,Instagram3576,187
1179,401,Instagram3577,188
1180,401,Instagram3578,189
1181,401,Instagram3579,190
1182,401,Instagram3580,191
1183,401,Instagram3581,192
1184,401,Instagram3582,193
1185,401,Instagram3583,194
1186,401,Instagram3584,195
1187,401,Instagram3585,196
1188,401,Instagram3586,197
1189,401,Instagram3587,198
1190,401,Instagram3588,199
1191,401,Instagram3589,200
1192,401,Instagram3590,201
1193,401,Instagram3591,202
1194,401,Instagram3592,203
1195,401,Instagram3593,204
1196,401,Instagram3594,205
1197,401,Instagram3595,206
1198,401,Instagram3596,207
1199,401,Instagram3597,208
1200,401,Instagram3598,209
1201,401,Instagram3599,210
1202,401,Instagram3600,211
1203,401,Instagram3601,212
1204,401,Instagram3602,213
1205,401,Instagram3603,214
1206,401,Instagram3604,215
1207,401,Instagram3605,216
1208,401,Instagram3606,217
1209,401,Instagram3607,218
1210,401,Instagram3608,219
1211,401,Instagram3609,220
1212,401,Instagram3610,221
1213,401,Instagram3611,222
1214,401,Instagram3612,223
1215,401,Instagram3613,224
1216,401,Instagram3614,225
1217,401,Instagram3615,226
1218,401,Instagram3616,227
1219,401,Instagram3617,228
1220,401,Instagram3618,229
1221,401,Instagram3619,230
1222,401,Instagram3620,231
1223,401,Instagram3621,232
1224,401,Instagram3622,233
1225,401,Instagram3623,234
1226,401,Instagram3624,235
1227,401,Instagram3625,236
1228,401,Instagram3626,237
1229,401,Instagram3627,238
1230,401,Instagram3628,239
1231,401,Instagram3629,240
1232,401,Instagram3630,241
1233,401,Instagram3631,242
1234,401,Instagram3632,243
1235,401,Instagram3633,244
1236,401,Instagram3634,245
1237,401,Instagram3635,246
1238,401,Instagram3636,247
1239,401,Instagram3637,248
1240,401,Instagram3638,249
1241,401,Instagram3639,250
1242,401,Instagram3640,251
1243,401,Instagram3641,252
1244,401,Instagram3642,253
1245,401,Instagram3643,254
1246,401,Instagram3644,255
1247,401,Instagram3645,256
1248,401,Instagram3646,257
1249,401,Instagram3647,258
1250,401,Instagram3648,259
1251,401,Instagram3649,260
1252,401,Instagram3650,261
1253,401,Instagram3651,262
1254,401,Instagram3652,263
1255,401,Instagram3653,264
1256,401,Instagram3654,265
1257,401,Instagram3655,266
1258,401,Instagram3656,267
1259,401,Instagram3657,268
1260,401,Instagram3658,269
1261,401,Instagram3659,270
1262,401,Instagram3660,271
1263,401,Instagram3661,272
1264,401,Instagram3662,273
1265,401,Instagram3663,274
1266,401,Instagram3664,275
1267,401,Instagram3665,276
1268,401,Instagram3666,277
1269,401,Instagram3667,278
1270,401,Instagram3668,279
1271,401,Instagram3669,280
1272,401,Instagram3670,281
1273,401,Instagram3671,282
1274,401,Instagram3672,283
1275,401,Instagram3673,284
1276,401,Instagram3674,285
1277,401,Instagram3675,286
1278,401,Instagram3676,287
1279,401,Instagram3677,288
1280,401,Instagram3678,289
1281,401,Instagram3679,290
1282,401,Instagram3680,291
1283,401,Instagram3681,292
1284,401,Instagram3682,293
1285,401,Instagram3683,294
1286,401,Instagram3684,295
1287,401,Instagram3685,296
1288,401,Instagram3686,297
1289,401,Instagram3687,298
1290,401,Instagram3688,299
1291,401,Instagram3689,300
1292,401,Instagram3690,301
1293,401,Instagram3691,302
1294,401,Instagram3692,303
1295,401,Instagram3693,304
1296,401,Instagram3694,305
1297,401,Instagram3695,306
1298,401,Instagram3696,307
1299,401,Instagram3697,308
1300,401,Instagram3698,309
1301,401,Instagram3699,310
1302,401,Instagram3700,311
1303,401,Instagram3701,312
1304,401,Instagram3702,313
1305,401,Instagram3703,314
1306,401,Instagram3704,315
1307,401,Instagram3705,316
1308,401,Instagram3706,317
1309,401,Instagram3707,318
1310,401,Instagram3708,319
1311,401,Instagram3709,320
1312,401,Instagram3710,321
1313,401,Instagram3711,322
1314,401,Instagram3712,323
1315,401,Instagram3713,324
1316,401,Instagram3714,325
1317,401,Instagram3715,326
1318,401,Instagram3716,327
1319,401,Instagram3717,328
1320,401,Instagram3718,329
1321,401,Instagram3719,330
1322,401,Instagram3720,331
1323,401,Instagram3721,332
1324,401,Instagram3722,333
1325,401,Instagram3723,334
1326,401,Instagram3724,335
1327,401,Instagram3725,336
1328,401,Instagram3726,337
1329,401,Instagram3727,338
1330,401,Instagram3728,339
1331,401,Instagram3729,340
1332,401,Instagram3730,341
1333,401,Instagram3731,342
1334,401,Instagram3732,343
1335,401,Instagram3733,344
1336,401,Instagram3734,345
1337,401,Instagram3735,346
1338,401,Instagram3736,347
1339,401,Instagram3737,348
1340,401,Instagram3738,349
1341,401,Instagram3739,350
1342,401,Instagram3740,351
1343,401,Instagram3741,352
1344,401,Instagram3742,353
1345,401,Instagram3743,354
1346,401,Instagram3744,355
1347,401,Instagram3745,356
1348,401,Instagram3746,357
1349,401,Instagram3747,358
1350,401,Instagram3748,359
1351,401,Instagram3749,360
1352,401,Instagram3750,361
1353,401,Instagram3751,362
1354,401,Instagram3752,363
1355,401,Instagram3753,364
1356,401,Instagram3754,365
1357,401,Instagram3755,366
1358,401,Instagram3756,367
1359,401,Instagram3757,368
1360,401,Instagram3758,369
1361,401,Instagram3759,370
1362,401,Instagram3760,371
1363,401,Instagram3761,372
1364,401,Instagram3762,373
1365,401,Instagram3763,374
1366,401,Instagram3764,375
1367,401,Instagram3765,376
1368,401,Instagram3766,377
1369,401,Instagram3767,378
1370,401,Instagram3768,379
1371,401,Instagram3769,380
1372,401,Instagram3770,381
1373,401,Instagram3771,382
1374,401,Instagram3772,383
1375,401,Instagram3773,384
1376,401,Instagram3774,385
1377,401,Instagram3775,386
1378,401,Instagram3776,387
1379,401,Instagram3777,388
1380,401,Instagram3778,389
1381,401,Instagram3779,390
1382,401,Instagram3780,391
1383,401,Instagram3781,392
1384,401,Instagram3782,393
1385,401,Instagram3783,394
1386,401,Instagram3784,395
1387,401,Instagram3785,396
1388,401,Instagram3786,397
1389,401,Instagram3787,398
1390,401,Instagram3788,399
1391,401,Instagram3789,400
1392,401,Instagram3790,401
1393,401,Instagram3791,402
1394,401,Instagram3792,403
1395,401,Instagram3793,404
1396,401,Instagram3794,405
1397,401,Instagram3795,406
1398,401,Instagram3796,407
1399,401,Instagram3797,408
1400,401,Instagram3798,409
1401,401,Instagram3799,410
1402,401,Instagram3800,411
1403,401,Instagram3801,412
1404,401,Instagram3802,413
1405,401,Instagram3803,414
1406,401,Instagram3804,415
1407,401,Instagram3805,416
1408,401,Instagram3806,417
1409,401,Instagram3807,418
1410,401,Instagram3808,419
1411,401,Instagram3809,420
1412,401,Instagram3810,421
1413,401,Instagram3811,422
1414,401,Instagram3812,423
1415,401,Instagram3813,424
1416,401,Instagram3814,425
1417,401,Instagram3815,426
1418,401,Instagram3816,427
1419,401,Instagram3817,428
1420,401,Instagram3818,429
1421,401,Instagram3819,430
1422,401,Instagram3820,431
1423,401,Instagram3821,432
1424,401,Instagram3822,433
1425,401,Instagram3823,434
1426,401,Instagram3824,435
1427,401,Instagram3825,436
1428,401,Instagram3826,437
1429,401,Instagram3827,438
1430,401,Instagram3828,439
1431,401,Instagram3829,440
1432,401,Instagram3830,441
1433,401,Instagram3831,442
1434,401,Instagram3832,443
1435,401,Instagram3833,444
1436,401,Instagram3834,445
1437,401,Instagram3835,446
1438,401,Instagram3836,447
1439,401,Instagram3837,448
1440,401,Instagram3838,449
1441,401,Instagram3839,450
1442,401,Instagram3840,451
1443,401,Instagram3841,452
1444,401,Instagram3842,453
1445,401,Instagram3843,454
1446,401,Instagram3844,455
1447,401,Instagram3845,456
1448,401,Instagram3846,457
1449,401,Instagram3847,458
1450,401,Instagram3848,459
1451,401,Instagram3849,460
1452,401,Instagram3850,461
1453,401,Instagram3851,462
1454,401,Instagram3852,463
1455,401,Instagram3853,464
1456,401,Instagram3854,465
1457,401,Instagram3855,466
1458,401,Instagram3856,467
1459,401,Instagram3857,468
1460,401,Instagram3858,469
1461,401,Instagram3859,470
1462,401,Instagram3860,471
1463,401,Instagram3861,472
1464,401,Instagram3862,473
1465,401,Instagram3863,474
1466,401,Instagram3864,475
1467,401,Instagram3865,476
1468,401,Instagram3866,477
1469,401,Instagram3867,478
1470,401,Instagram3868,479
1471,401,Instagram3869,480
1472,401,Instagram3870,481
1473,401,Instagram3871,482
1474,401,Instagram3872,483
1475,401,Instagram3873,484
1476,401,Instagram3874,485
1477,401,Instagram3875,486
1478,401,Instagram3876,487
1479,401,Instagram3877,488
1480,401,Instagram3878,489
1481,401,Instagram3879,490
1482,401,Instagram3880,491
1483,401,Instagram3881,492
1484,401,Instagram3882,493
1485,401,Instagram3883,494
1486,401,Instagram3884,495
1487,401,Instagram3885,496
1488,401,Instagram3886,497
1489,401,Instagram3887,498
1490,401,Instagram3888,499
1491,401,Instagram3889,500
1492,401,Instagram3890,501
1493,401,Instagram3891,502
1494,401,Instagram3892,503
1495,401,Instagram3893,504
1496,401,Instagram3894,505
1497,401,Instagram3895,506
1498,401,Instagram3896,507
1499,401,Instagram3897,508
1500,401,Instagram3898,509
1501,401,Instagram3899,510
1502,401,Instagram3900,511
1503,401,Instagram3901,512
1504,401,Instagram3902,513
1505,401,Instagram3903,514
1506,401,Instagram3904,515
1507,401,Instagram3905,516
1508,401,Instagram3906,517
1509,401,Instagram3907,518
1510,401,Instagram3908,519
1511,401,Instagram3909,520
1512,401,Instagram3910,521
1513,401,Instagram3911,522
1514,401,Instagram3912,523
1515,401,Instagram3913,524
1516,401,Instagram3914,525
1517,401,Instagram3915,526
1518,401,Instagram3916,527
1519,401,Instagram3917,528
1520,401,Instagram3918,529
1521,401,Instagram3919,530
1522,401,Instagram3920,531
1523,401,Instagram3921,532
1524,401,Instagram3922,533
1525,401,Instagram3923,534
1526,401,Instagram3924,535
1527,401,Instagram3925,536
1528,401,Instagram3926,537
1529,401,Instagram3927,538
1530,401,Instagram3928,539
1531,401,Instagram3929,540
1532,401,Instagram3930,541
1533,401,Instagram3931,542
1534,401,Instagram3932,543
1535,401,Instagram3933,544
1536,401,Instagram3934,545
1537,401,Instagram3935,546
1538,401,Instagram3936,547
1539,401,Instagram3937,548
1540,401,Instagram3938,549
1541,401,Instagram3939,550
1542,401,Instagram3940,551
1543,401,Instagram3941,552
1544,401,Instagram3942,553
1545,401,Instagram3943,554
1546,401,Instagram3944,555
1547,401,Instagram3945,556
1548,401,Instagram3946,557
1549,401,Instagram3947,558
1550,401,Instagram3948,559
1551,401,Instagram3949,560
1552,401,Instagram3950,561
1553,401,Instagram3951,562
1554,401,Instagram3952,563
1555,401,Instagram3953,564
1556,401,Instagram3954,565
1557,401,Instagram3955,566
1558,401,Instagram3956,567
1559,401,Instagram3957,568
1560,401,Instagram3958,569
1561,401,Instagram3959,570
1562,401,Instagram3960,571
1563,401,Instagram3961,572
1564,401,Instagram3962,573
1565,401,Instagram3963,574
1566,401,Instagram3964,575
1567,401,Instagram3965,576
1568,401,Instagram3966,577
1569,401,Instagram3967,578
1570,401,Instagram3968,579
1571,401,Instagram3969,580
1572,401,Instagram3970,581
1573,401,Instagram3971,582
1574,401,Instagram3972,583
1575,401,Instagram3973,584
1576,401,Instagram3974,585
1577,401,Instagram3975,586
1578,401,Instagram3976,587
1579,401,Instagram3977,588
1580,401,Instagram3978,589
1581,401,Instagram3979,590
1582,401,Instagram3980,591
1583,401,Instagram3981,592
1584,401,Instagram3982,593
1585,401,Instagram3983,594
1586,401,Instagram3984,595
1587,401,Instagram3985,596
1588,401,Instagram3986,597
1589,401,Instagram3987,598
1590,401,Instagram3988,599
1591,401,Instagram3989,600
1592,401,Instagram3990,601
1593,401,Instagram3991,602
1594,401,Instagram3992,603
1595,401,Instagram3993,604
1596,401,Instagram3994,605
1597,401,Instagram3995,606
1598,401,Instagram3996,607
1599,401,Instagram3997,608
1600,401,Instagram3998,609
1601,401,Instagram3999,610
1602,401,Instagram4000,611
1603,401,Instagram4001,612
1604,401,Instagram4002,613
1605,401,Instagram4003,614
1606,401,Instagram4004,615
1607,401,Instagram4005,616
1608,401,Instagram4006,617
1609,401,Instagram4007,618
1610,401,Instagram4008,619
1611,401,Instagram4009,620
1612,401,Instagram4010,621
1613,401,Instagram4011,622
1614,401,Instagram4012,623
1615,401,Instagram4013,624
1616,401,Instagram4014,625
1617,401,Instagram4015,626
1618,401,Instagram4016,627
1619,401,Instagram4017,628
1620,401,Instagram4018,629
1621,401,Instagram4019,630
1622,401,Instagram4020,631
1623,401,Instagram4021,632
1624,401,Instagram4022,633
1625,401,Instagram4023,634
1626,401,Instagram4024,635
1627,401,Instagram4025,636
1628,401,Instagram4026,637
1629,401,Instagram4027,638
1630,401,Instagram4028,639
1631,401,Instagram4029,640
1632,401,Instagram4030,641
1633,401,Instagram4031,642
1634,401,Instagram4032,643
1635,401,Instagram4033,644
1636,401,Instagram4034,645
1637,401,Instagram4035,646
1638,401,Instagram4036,647
1639,401,Instagram4037,648
1640,401,Instagram4038,649
1641,401,Instagram4039,650
1642,401,Instagram4040,651
1643,401,Instagram4041,652
1644,401,Instagram4042,653
1645,401,Instagram4043,654
1646,401,Instagram4044,655
1647,401,Instagram4045,656
1648,401,Instagram4046,657
1649,401,Instagram4047,658
1650,401,Instagram4048,659
1651,401,Instagram4049,660
1652,401,Instagram4050,661
1653,401,Instagram4051,662
1654,401,Instagram4052,663
1655,401,Instagram4053,664
1656,401,Instagram4054,665
1657,401,Instagram4055,666
1658,401,Instagram4056,667
1659,401,Instagram4057,668
1660,401,Instagram4058,669
1661,401,Instagram4059,670
1662,401,Instagram4060,671
1663,401,Instagram4061,672
1664,401,Instagram4062,673
1665,401,Instagram4063,674
1666,401,Instagram4064,675
1667,401,Instagram4065,676
1668,401,Instagram4066,677
1669,401,Instagram4067,678
1670,401,Instagram4068,679
1671,401,Instagram4069,680
1672,401,Instagram4070,681
1673,401,Instagram4071,682
1674,401,Instagram4072,683
1675,401,Instagram4073,684
1676,401,Instagram4074,685
1677,401,Instagram4075,686
1678,401,Instagram4076,687
1679,401,Instagram4077,688
1680,401,Instagram4078,689
1681,401,Instagram4079,690
1682,401,Instagram4080,691
1683,401,Instagram4081,692
1684,401,Instagram4082,693
1685,401,Instagram4083,694
1686,401,Instagram4084,695
1687,401,Instagram4085,696
1688,401,Instagram4086,697
1689,401,Instagram4087,698
1690,401,Instagram4088,699
1691,401,Instagram4089,700
1692,401,Instagram4090,701
1693,401,Instagram4091,702
1694,401,Instagram4092,703
1695,401,Instagram4093,704
1696,401,Instagram4094,705
1697,401,Instagram4095,706
1698,401,Instagram4096,707
1699,401,Instagram4097,708
1700,401,Instagram4098,709
1701,401,Instagram4099,710
1702,401,Instagram4100,711
1703,401,Instagram4101,712
1704,401,Instagram4102,713
1705,401,Instagram4103,714
1706,401,Instagram4104,715
1707,401,Instagram4105,716
1708,401,Instagram4106,717
1709,401,Instagram4107,718
1710,401,Instagram4108,719
1711,401,Instagram4109,720
1712,401,Instagram4110,721
1713,401,Instagram4111,722
1714,401,Instagram4112,723
1715,401,Instagram4113,724
1716,401,Instagram4114,725
1717,401,Instagram4115,726
1718,401,Instagram4116,727
1719,401,Instagram4117,728
1720,401,Instagram4118,729
1721,401,Instagram4119,730
1722,401,Instagram4120,731
1723,401,Instagram4121,732
1724,401,Instagram4122,733
1725,401,Instagram4123,734
1726,401,Instagram4124,735
1727,401,Instagram4125,736
1728,401,Instagram4126,737
1729,401,Instagram4127,738
1730,401,Instagram4128,739
1731,401,Instagram4129,740
1732,401,Instagram4130,741
1733,401,Instagram4131,742
1734,401,Instagram4132,743
1735,401,Instagram4133,744
1736,401,Instagram4134,745
1737,401,Instagram4135,746
1738,401,Instagram4136,747
1739,401,Instagram4137,748
1740,401,Instagram4138,749
1741,401,Instagram4139,750
1742,401,Instagram4140,751
1743,401,Instagram4141,752
1744,401,Instagram4142,753
1745,401,Instagram4143,754
1746,401,Instagram4144,755
1747,401,Instagram4145,756
1748,401,Instagram4146,757
1749,401,Instagram4147,758
1750,401,Instagram4148,759
1751,401,Instagram4149,760
1752,401,Instagram4150,761
1753,401,Instagram4151,762
1754,401,Instagram4152,763
1755,401,Instagram4153,764
1756,401,Instagram4154,765
1757,401,Instagram4155,766
1758,401,Instagram4156,767
1759,401,Instagram4157,768
1760,401,Instagram4158,769
1761,401,Instagram4159,770
1762,401,Instagram4160,771
1763,401,Instagram4161,772
1764,401,Instagram4162,773
1765,401,Instagram4163,774
1766,401,Instagram4164,775
1767,401,Instagram4165,776
1768,401,Instagram4166,777
1769,401,Instagram4167,778
1770,401,Instagram4168,779
1771,401,Instagram4169,780
1772,401,Instagram4170,781
1773,401,Instagram4171,782
1774,401,Instagram4172,783
1775,401,Instagram4173,784
1776,401,Instagram4174,785
1777,401,Instagram4175,786
1778,401,Instagram4176,787
1779,401,Instagram4177,788
1780,401,Instagram4178,789
1781,401,Instagram4179,790
1782,401,Instagram4180,791
1783,401,Instagram4181,792
1784,401,Instagram4182,793
1785,401,Instagram4183,794
1786,401,Instagram4184,795
1787,401,Instagram4185,796
1788,401,Instagram4186,797
1789,401,Instagram4187,798
1790,401,Instagram4188,799
1791,401,Instagram4189,800
1792,401,Instagram4190,801
1793,401,Instagram4191,802
1794,401,Instagram4192,803
1795,401,Instagram4193,804
1796,401,Instagram4194,805
1797,401,Instagram4195,806
1798,401,Instagram4196,807
1799,401,Instagram4197,808
1800,401,Instagram4198,809
1801,401,Instagram4199,810
1802,401,Instagram4200,811
1803,401,Instagram4201,812
1804,401,Instagram4202,813
1805,401,Instagram4203,814
1806,401,Instagram4204,815
1807,401,Instagram4205,816
1808,401,Instagram4206,817
1809,401,Instagram4207,818
1810,401,Instagram4208,819
1811,401,Instagram4209,820
1812,401,Instagram4210,821
1813,401,Instagram4211,822
1814,401,Instagram4212,823
1815,401,Instagram4213,824
1816,401,Instagram4214,825
1817,401,Instagram4215,826
1818,401,Instagram4216,827
1819,401,Instagram4217,828
1820,401,Instagram4218,829
1821,401,Instagram4219,830
1822,401,Instagram4220,831
1823,401,Instagram4221,832
1824,401,Instagram4222,833
1825,401,Instagram4223,834
1826,401,Instagram4224,835
1827,401,Instagram4225,836
1828,401,Instagram4226,837
1829,401,Instagram4227,838
1830,401,Instagram4228,839
1831,401,Instagram4229,840
1832,401,Instagram4230,841
1833,401,Instagram4231,842
1834,401,Instagram4232,843
1835,401,Instagram4233,844
1836,401,Instagram4234,845
1837,401,Instagram4235,846
1838,401,Instagram4236,847
1839,401,Instagram4237,848
1840,401,Instagram4238,849
1841,401,Instagram4239,850
1842,401,Instagram4240,851
1843,401,Instagram4241,852
1844,401,Instagram4242,853
1845,401,Instagram4243,854
1846,401,Instagram4244,855
1847,401,Instagram4245,856
1848,401,Instagram4246,857
1849,401,Instagram4247,858
1850,401,Instagram4248,859
1851,401,Instagram4249,860
1852,401,Instagram4250,861
1853,401,Instagram4251,862
1854,401,Instagram4252,863
1855,401,Instagram4253,864
1856,401,Instagram4254,865
1857,401,Instagram4255,866
1858,401,Instagram4256,867
1859,401,Instagram4257,868
1860,401,Instagram4258,869
1861,401,Instagram4259,870
1862,401,Instagram4260,871
1863,401,Instagram4261,872
1864,401,Instagram4262,873
1865,401,Instagram4263,874
1866,401,Instagram4264,875
1867,401,Instagram4265,876
1868,401,Instagram4266,877
1869,401,Instagram4267,878
1870,401,Instagram4268,879
1871,401,Instagram4269,880
1872,401,Instagram4270,881
1873,401,Instagram4271,882
1874,401,Instagram4272,883
1875,401,Instagram4273,884
1876,401,Instagram4274,885
1877,401,Instagram4275,886
1878,401,Instagram4276,887
1879,401,Instagram4277,888
1880,401,Instagram4278,889
1881,401,Instagram4279,890
1882,401,Instagram4280,891
1883,401,Instagram4281,892
1884,401,Instagram4282,893
1885,401,Instagram4283,894
1886,401,Instagram4284,895
1887,401,Instagram4285,896
1888,401,Instagram4286,897
1889,401,Instagram4287,898
1890,401,Instagram4288,899
1891,401,Instagram4289,900
1892,401,Instagram4290,901
1893,401,Instagram4291,902
1894,401,Instagram4292,903
1895,401,Instagram4293,904
1896,401,Instagram4294,905
1897,401,Instagram4295,906
1898,401,Instagram4296,907
1899,401,Instagram4297,908
1900,401,Instagram4298,909
1901,401,Instagram4299,910
1902,401,Instagram4300,911
1903,401,Instagram4301,912
1904,401,Instagram4302,913
1905,401,Instagram4303,914
1906,401,Instagram4304,915
1907,401,Instagram4305,916
1908,401,Instagram4306,917
1909,401,Instagram4307,918
1910,401,Instagram4308,919
1911,401,Instagram4309,920
1912,401,Instagram4310,921
1913,401,Instagram4311,922
1914,401,Instagram4312,923
1915,401,Instagram4313,924
1916,401,Instagram4314,925
1917,401,Instagram4315,926
1918,401,Instagram4316,927
1919,401,Instagram4317,928
1920,401,Instagram4318,929
1921,401,Instagram4319,930
1922,401,Instagram4320,931
1923,401,Instagram4321,932
1924,401,Instagram4322,933
1925,401,Instagram4323,934
1926,401,Instagram4324,935
1927,401,Instagram4325,936
1928,401,Instagram4326,937
1929,401,Instagram4327,938
1930,401,Instagram4328,939
1931,401,Instagram4329,940
1932,401,Instagram4330,941
1933,401,Instagram4331,942
1934,401,Instagram4332,943
1935,401,Instagram4333,944
1936,401,Instagram4334,945
1937,401,Instagram4335,946
1938,401,Instagram4336,947
1939,401,Instagram4337,948
1940,401,Instagram4338,949
1941,401,Instagram4339,950
1942,401,Instagram4340,951
1943,401,Instagram4341,952
1944,401,Instagram4342,953
1945,401,Instagram4343,954
1946,401,Instagram4344,955
1947,401,Instagram4345,956
1948,401,Instagram4346,957
1949,401,Instagram4347,958
1950,401,Instagram4348,959
1951,401,Instagram4349,960
1952,401,Instagram4350,961
1953,401,Instagram4351,962
1954,401,Instagram4352,963
1955,401,Instagram4353,964
1956,401,Instagram4354,965
1957,401,Instagram4355,966
1958,401,Instagram4356,967
1959,401,Instagram4357,968
1960,401,Instagram4358,969
1961,401,Instagram4359,970
1962,401,Instagram4360,971
1963,401,Instagram4361,972
1964,401,Instagram4362,973
1965,401,Instagram4363,974
1966,401,Instagram4364,975
1967,401,Instagram4365,976
1968,401,Instagram4366,977
1969,401,Instagram4367,978
1970,401,Instagram4368,979
1971,401,Instagram4369,980
1972,401,Instagram4370,981
1973,401,Instagram4371,982
1974,401,Instagram4372,983
1975,401,Instagram4373,984
1976,401,Instagram4374,985
1977,401,Instagram4375,986
1978,401,Instagram4376,987
1979,401,Instagram4377,988
1980,401,Instagram4378,989
1981,401,Instagram4379,990
1982,401,Instagram4380,991
1983,401,Instagram4381,992
1984,401,Instagram4382,993
1985,401,Instagram4383,994
1986,401,Instagram4384,995
1987,401,Instagram4385,996
1988,401,Instagram4386,997
1989,401,Instagram4387,998
1990,401,Instagram4388,999
1991,401,Instagram4389,1000
1992,401,Instagram4390,1001
1993,401,Instagram4391,1002
1994,401,Instagram4392,1003
1995,401,Instagram4393,1004
1996,401,Instagram4394,1005
1997,401,Instagram4395,1006
1998,401,Instagram4396,1007
1999,401,Instagram4397,1008
2000,401,Instagram4398,1009
2001,401,Instagram4399,1010
2002,401,Instagram4400,1011
2003,401,Instagram4401,1012
2004,401,Instagram4402,1013
2005,401,Instagram4403,1014
2006,401,Instagram4404,1015
2007,401,Instagram4405,1016
2008,401,Instagram4406,1017
2009,401,Instagram4407,1018
2010,401,Instagram4408,1019
2011,401,Instagram4409,1020
2012,401,Instagram4410,1021
2013,401,Instagram4411,1022
2014,401,Instagram4412,1023
2015,401,Instagram4413,1024
2016,401,Instagram4414,1025
2017,401,Instagram4415,1026
2018,401,Instagram4416,1027
2019,401,Instagram4417,1028
2020,401,Instagram4418,1029
2021,401,Instagram4419,1030
2022,401,Instagram4420,1031
2023,401,Instagram4421,1032
2024,401,Instagram4422,1033
2025,401,Instagram4423,1034
2026,401,Instagram4424,1035
2027,401,Instagram4425,1036
2028,401,Instagram4426,1037
2029,401,Instagram4427,1038
2030,401,Instagram4428,1039
2031,401,Instagram4429,1040
2032,401,Instagram4430,1041
2033,401,Instagram4431,1042
2034,401,Instagram4432,1043
2035,401,Instagram4433,1044
2036,401,Instagram4434,1045
2037,401,Instagram4435,1046
2038,401,Instagram4436,1047
2039,401,Instagram4437,1048
2040,401,Instagram4438,1049
2041,401,Instagram4439,1050
2042,401,Instagram4440,1051
2043,401,Instagram4441,1052
2044,401,Instagram4442,1053
2045,401,Instagram4443,1054
2046,401,Instagram4444,1055
2047,401,Instagram4445,1056
2048,401,Instagram4446,1057
2049,401,Instagram4447,1058
2050,401,Instagram4448,1059
2051,401,Instagram4449,1060
2052,401,Instagram4450,1061
2053,401,Instagram4451,1062
2054,401,Instagram4452,1063
2055,401,Instagram4453,1064
2056,401,Instagram4454,1065
2057,401,Instagram4455,1066
2058,401,Instagram4456,1067
2059,401,Instagram4457,1068
2060,401,Instagram4458,1069
2061,401,Instagram4459,1070
2062,401,Instagram4460,1071
2063,401,Instagram4461,1072
2064,401,Instagram4462,1073
2065,401,Instagram4463,1074
2066,401,Instagram4464,1075
2067,401,Instagram4465,1076
2068,401,Instagram4466,1077
2069,401,Instagram4467,1078
2070,401,Instagram4468,1079
2071,401,Instagram4469,1080
2072,401,Instagram4470,1081
2073,401,Instagram4471,1082
2074,401,Instagram4472,1083
2075,401,Instagram4473,1084
2076,401,Instagram4474,1085
2077,401,Instagram4475,1086
2078,401,Instagram4476,1087
2079,401,Instagram4477,1088
2080,401,Instagram4478,1089
2081,401,Instagram4479,1090
2082,401,Instagram4480,1091
2083,401,Instagram4481,1092
2084,401,Instagram4482,1093
2085,401,Instagram4483,1094
2086,401,Instagram4484,1095
2087,401,Instagram4485,1096
2088,401,Instagram4486,1097
2089,401,Instagram4487,1098
2090,401,Instagram4488,1099
2091,401,Instagram4489,1100
2092,401,Instagram4490,1101
2093,401,Instagram4491,1102
2094,401,Instagram4492,1103
2095,401,Instagram4493,1104
2096,401,Instagram4494,1105
2097,401,Instagram4495,1106
2098,401,Instagram4496,1107
2099,401,Instagram4497,1108
2100,401,Instagram4498,1109
2101,401,Instagram4499,1110
2102,401,Instagram4500,1111
2103,401,Instagram4501,1112
2104,401,Instagram4502,1113
2105,401,Instagram4503,1114
2106,401,Instagram4504,1115
2107,401,Instagram4505,1116
2108,401,Instagram4506,1117
2109,401,Instagram4507,1118
2110,401,Instagram4508,1119
2111,401,Instagram4509,1120
2112,401,Instagram4510,1121
2113,401,Instagram4511,1122
2114,401,Instagram4512,1123
2115,401,Instagram4513,1124
2116,401,Instagram4514,1125
2117,401,Instagram4515,1126
2118,401,Instagram4516,1127
2119,401,Instagram4517,1128
2120,401,Instagram4518,1129
2121,401,Instagram4519,1130
2122,401,Instagram4520,1131
2123,401,Instagram4521,1132
2124,401,Instagram4522,1133
2125,401,Instagram4523,1134
2126,401,Instagram4524,1135
2127,401,Instagram4525,1136
2128,401,Instagram4526,1137
2129,401,Instagram4527,1138
2130,401,Instagram4528,1139
2131,401,Instagram4529,1140
2132,401,Instagram4530,1141
2133,401,Instagram4531,1142
2134,401,Instagram4532,1143
2135,401,Instagram4533,1144
2136,401,Instagram4534,1145
2137,401,Instagram4535,1146
2138,401,Instagram4536,1147
2139,401,Instagram4537,1148
2140,401,Instagram4538,1149
2141,401,Instagram4539,1150
2142,401,Instagram4540,1151
2143,401,Instagram4541,1152
2144,401,Instagram4542,1153
2145,401,Instagram4543,1154
2146,401,Instagram4544,1155
2147,401,Instagram4545,1156
2148,401,Instagram4546,1157
2149,401,Instagram4547,1158
2150,401,Instagram4548,1159
2151,401,Instagram4549,1160
2152,401,Instagram4550,1161
2153,401,Instagram4551,1162
2154,401,Instagram4552,1163
2155,401,Instagram4553,1164
2156,401,Instagram4554,1165
2157,401,Instagram4555,1166
2158,401,Instagram4556,1167
2159,401,Instagram4557,1168
2160,401,Instagram4558,1169
2161,401,Instagram4559,1170
2162,401,Instagram4560,1171
2163,401,Instagram4561,1172
2164,401,Instagram4562,1173
2165,401,Instagram4563,1174
2166,401,Instagram4564,1175
2167,401,Instagram4565,1176
2168,401,Instagram4566,1177
2169,401,Instagram4567,1178
2170,401,Instagram4568,1179
2171,401,Instagram4569,1180
2172,401,Instagram4570,1181
2173,401,Instagram4571,1182
2174,401,Instagram4572,1183
2175,401,Instagram4573,1184
2176,401,Instagram4574,1185
2177,401,Instagram4575,1186
2178,401,Instagram4576,1187
2179,401,Instagram4577,1188
2180,401,Instagram4578,1189
2181,401,Instagram4579,1190
2182,401,Instagram4580,1191
2183,401,Instagram4581,1192
2184,401,Instagram4582,1193
2185,401,Instagram4583,1194
2186,401,Instagram4584,1195
2187,401,Instagram4585,1196
2188,401,Instagram4586,1197
2189,401,Instagram4587,1198
2190,401,Instagram4588,1199
2191,401,Instagram4589,1200
2192,401,Instagram4590,1201
2193,401,Instagram4591,1202
2194,401,Instagram4592,1203
2195,401,Instagram4593,1204
2196,401,Instagram4594,1205
2197,401,Instagram4595,1206
2198,401,Instagram4596,1207
2199,401,Instagram4597,1208
2200,401,Instagram4598,1209
2201,401,Instagram4599,1210
2202,401,Instagram4600,1211
2203,401,Instagram4601,1212
2204,401,Instagram4602,1213
2205,401,Instagram4603,1214
2206,401,Instagram4604,1215
2207,401,Instagram4605,1216
2208,401,Instagram4606,1217
2209,401,Instagram4607,1218
2210,401,Instagram4608,1219
2211,401,Instagram4609,1220
2212,401,Instagram4610,1221
2213,401,Instagram4611,1222
2214,401,Instagram4612,1223
2215,401,Instagram4613,1224
2216,401,Instagram4614,1225
2217,401,Instagram4615,1226
2218,401,Instagram4616,1227
2219,401,Instagram4617,1228
2220,401,Instagram4618,1229
2221,401,Instagram4619,1230
2222,401,Instagram4620,1231
2223,401,Instagram4621,1232
2224,401,Instagram4622,1233
2225,401,Instagram4623,1234
2226,401,Instagram4624,1235
2227,401,Instagram4625,1236
2228,401,Instagram4626,1237
2229,401,Instagram4627,1238
2230,401,Instagram4628,1239
2231,401,Instagram4629,1240
2232,401,Instagram4630,1241
2233,401,Instagram4631,1242
2234,401,Instagram4632,1243
2235,401,Instagram4633,1244
2236,401,Instagram4634,1245
2237,401,Instagram4635,1246
2238,401,Instagram4636,1247
2239,401,Instagram4637,1248
2240,401,Instagram4638,1249
2241,401,Instagram4639,1250
2242,401,Instagram4640,1251
2243,401,Instagram4641,1252
2244,401,Instagram4642,1253
2245,401,Instagram4643,1254
2246,401,Instagram4644,1255
2247,401,Instagram4645,1256
2248,401,Instagram4646,1257
2249,401,Instagram4647,1258
2250,401,Instagram4648,1259
2251,401,Instagram4649,1260
2252,401,Instagram4650,1261
2253,401,Instagram4651,1262
2254,401,Instagram4652,1263
2255,401,Instagram4653,1264
2256,401,Instagram4654,1265
2257,401,Instagram4655,1266
2258,401,Instagram4656,1267
2259,401,Instagram4657,1268
2260,401,Instagram4658,1269
2261,401,Instagram4659,1270
2262,401,Instagram4660,1271
2263,401,Instagram4661,1272
2264,401,Instagram4662,1273
2265,401,Instagram4663,1274
2266,401,Instagram4664,1275
2267,401,Instagram4665,1276
2268,401,Instagram4666,1277
2269,401,Instagram4667,1278
2270,401,Instagram4668,1279
2271,401,Instagram4669,1280
2272,401,Instagram4670,1281
2273,401,Instagram4671,1282
2274,401,Instagram4672,1283
2275,401,Instagram4673,1284
2276,401,Instagram4674,1285
2277,401,Instagram4675,1286
2278,401,Instagram4676,1287
2279,401,Instagram4677,1288
2280,401,Instagram4678,1289
2281,401,Instagram4679,1290
2282,401,Instagram4680,1291
2283,401,Instagram4681,1292
2284,401,Instagram4682,1293
2285,401,Instagram4683,1294
2286,401,Instagram4684,1295
2287,401,Instagram4685,1296
2288,401,Instagram4686,1297
2289,401,Instagram4687,1298
2290,401,Instagram4688,1299
2291,401,Instagram4689,1300
2292,401,Instagram4690,1301
2293,401,Instagram4691,1302
2294,401,Instagram4692,1303
2295,401,Instagram4693,1304
2296,401,Instagram4694,1305
2297,401,Instagram4695,1306
2298,401,Instagram4696,1307
2299,401,Instagram4697,1308
2300,401,Instagram4698,1309
2301,401,Instagram4699,1310
2302,401,Instagram4700,1311
2303,401,Instagram4701,1312
2304,401,Instagram4702,1313
2305,401,Instagram4703,1314
2306,401,Instagram4704,1315
2307,401,Instagram4705,1316
2308,401,Instagram4706,1317
2309,401,Instagram4707,1318
2310,401,Instagram4708,1319
2311,401,Instagram4709,1320
2312,401,Instagram4710,1321
2313,401,Instagram4711,1322
2314,401,Instagram4712,1323
2315,401,Instagram4713,1324
2316,401,Instagram4714,1325
2317,401,Instagram4715,1326
2318,401,Instagram4716,1327
2319,401,Instagram4717,1328
2320,401,Instagram4718,1329
2321,401,Instagram4719,1330
2322,401,Instagram4720,1331
2323,401,Instagram4721,1332
2324,401,Instagram4722,1333
2325,401,Instagram4723,1334
2326,401,Instagram4724,1335
2327,401,Instagram4725,1336
2328,401,Instagram4726,1337
2329,401,Instagram4727,1338
2330,401,Instagram4728,1339
2331,401,Instagram4729,1340
2332,401,Instagram4730,1341
2333,401,Instagram4731,1342
2334,401,Instagram4732,1343
2335,401,Instagram4733,1344
2336,401,Instagram4734,1345
2337,401,Instagram4735,1346
2338,401,Instagram4736,1347
2339,401,Instagram4737,1348
2340,401,Instagram4738,1349
2341,401,Instagram4739,1350
2342,401,Instagram4740,1351
2343,401,Instagram4741,1352
2344,401,Instagram4742,1353
2345,401,Instagram4743,1354
2346,401,Instagram4744,1355
2347,401,Instagram4745,1356
2348,401,Instagram4746,1357
2349,401,Instagram4747,1358
2350,401,Instagram4748,1359
2351,401,Instagram4749,1360
2352,401,Instagram4750,1361
2353,401,Instagram4751,1362
2354,401,Instagram4752,1363
2355,401,Instagram4753,1364
2356,401,Instagram4754,1365
2357,401,Instagram4755,1366
2358,401,Instagram4756,1367
2359,401,Instagram4757,1368
2360,401,Instagram4758,1369
2361,401,Instagram4759,1370
2362,401,Instagram4760,1371
2363,401,Instagram4761,1372
2364,401,Instagram4762,1373
2365,401,Instagram4763,1374
2366,401,Instagram4764,1375
2367,401,Instagram4765,1376
2368,401,Instagram4766,1377
2369,401,Instagram4767,1378
2370,401,Instagram4768,1379
2371,401,Instagram4769,1380
2372,401,Instagram4770,1381
2373,401,Instagram4771,1382
2374,401,Instagram4772,1383
2375,401,Instagram4773,1384
2376,401,Instagram4774,1385
2377,401,Instagram4775,1386
2378,401,Instagram4776,1387
2379,401,Instagram4777,1388
2380,401,Instagram4778,1389
2381,401,Instagram4779,1390
2382,401,Instagram4780,1391
2383,401,Instagram4781,1392
2384,401,Instagram4782,1393
2385,401,Instagram4783,1394
2386,401,Instagram4784,1395
2387,401,Instagram4785,1396
2388,401,Instagram4786,1397
2389,401,Instagram4787,1398
2390,401,Instagram4788,1399
2391,401,Instagram4789,1400
2392,401,Instagram4790,1401
2393,401,Instagram4791,1402
2394,401,Instagram4792,1403
2395,401,Instagram4793,1404
2396,401,Instagram4794,1405
2397,401,Instagram4795,1406
2398,401,Instagram4796,1407
2399,401,Instagram4797,1408
2400,401,Instagram4798,1409
2401,401,Instagram4799,1410
2402,401,Instagram4800,1411
2403,401,Instagram4801,1412
2404,401,Instagram4802,1413
2405,401,Instagram4803,1414
2406,401,Instagram4804,1415
2407,401,Instagram4805,1416
2408,401,Instagram4806,1417
2409,401,Instagram4807,1418
2410,401,Instagram4808,1419
2411,401,Instagram4809,1420
2412,401,Instagram4810,1421
2413,401,Instagram4811,1422
2414,401,Instagram4812,1423
2415,401,Instagram4813,1424
2416,401,Instagram4814,1425
2417,401,Instagram4815,1426
2418,401,Instagram4816,1427
2419,401,Instagram4817,1428
2420,401,Instagram4818,1429
2421,401,Instagram4819,1430
2422,401,Instagram4820,1431
2423,401,Instagram4821,1432
2424,401,Instagram4822,1433
2425,401,Instagram4823,1434
2426,401,Instagram4824,1435
2427,401,Instagram4825,1436
2428,401,Instagram4826,1437
2429,401,Instagram4827,1438
2430,401,Instagram4828,1439
2431,401,Instagram4829,1440
2432,401,Instagram4830,1441
2433,401,Instagram4831,1442
2434,401,Instagram4832,1443
2435,401,Instagram4833,1444
2436,401,Instagram4834,1445
2437,401,Instagram4835,1446
2438,401,Instagram4836,1447
2439,401,Instagram4837,1448
2440,401,Instagram4838,1449
2441,401,Instagram4839,1450
2442,401,Instagram4840,1451
2443,401,Instagram4841,1452
2444,401,Instagram4842,1453
2445,401,Instagram4843,1454
2446,401,Instagram4844,1455
2447,401,Instagram4845,1456
2448,401,Instagram4846,1457
2449,401,Instagram4847,1458
2450,401,Instagram4848,1459
2451,401,Instagram4849,1460
2452,401,Instagram4850,1461
2453,401,Instagram4851,1462
2454,401,Instagram4852,1463
2455,401,Instagram4853,1464
2456,401,Instagram4854,1465
2457,401,Instagram4855,1466
2458,401,Instagram4856,1467
2459,401,Instagram4857,1468
2460,401,Instagram4858,1469
2461,401,Instagram4859,1470
2462,401,Instagram4860,1471
2463,401,Instagram4861,1472
2464,401,Instagram4862,1473
2465,401,Instagram4863,1474
2466,401,Instagram4864,1475
2467,401,Instagram4865,1476
2468,401,Instagram4866,1477
2469,401,Instagram4867,1478
2470,401,Instagram4868,1479
2471,401,Instagram4869,1480
2472,401,Instagram4870,1481
2473,401,Instagram4871,1482
2474,401,Instagram4872,1483
2475,401,Instagram4873,1484
2476,401,Instagram4874,1485
2477,401,Instagram4875,1486
2478,401,Instagram4876,1487
2479,401,Instagram4877,1488
2480,401,Instagram4878,1489
2481,401,Instagram4879,1490
2482,401,Instagram4880,1491
2483,401,Instagram4881,1492
2484,401,Instagram4882,1493
2485,401,Instagram4883,1494
2486,401,Instagram4884,1495
2487,401,Instagram4885,1496
2488,401,Instagram4886,1497
2489,401,Instagram4887,1498
2490,401,Instagram4888,1499
2491,401,Instagram4889,1500
2492,501,Instagram4890,1
2493,501,Instagram4891,2
2494,501,Instagram4892,3
2495,501,Instagram4893,4
2496,501,Instagram4894,5
2497,501,Instagram4895,6
2498,501,Instagram4896,7
2499,501,Instagram4897,8
2500,501,Instagram4898,9
2501,501,Instagram4899,10
2502,501,Instagram4900,11
2503,501,Instagram4901,12
2504,501,Instagram4902,13
2505,501,Instagram4903,14
2506,501,Instagram4904,15
2507,501,Instagram4905,16
2508,501,Instagram4906,17
2509,501,Instagram4907,18
2510,501,Instagram4908,19
2511,501,Instagram4909,20
2512,501,Instagram4910,21
2513,501,Instagram4911,22
2514,501,Instagram4912,23
2515,501,Instagram4913,24
2516,501,Instagram4914,25
2517,501,Instagram4915,26
2518,501,Instagram4916,27
2519,501,Instagram4917,28
2520,501,Instagram4918,29
2521,501,Instagram4919,30
2522,501,Instagram4920,31
2523,501,Instagram4921,32
2524,501,Instagram4922,33
2525,501,Instagram4923,34
2526,501,Instagram4924,35
2527,501,Instagram4925,36
2528,501,Instagram4926,37
2529,501,Instagram4927,38
2530,501,Instagram4928,39
2531,501,Instagram4929,40
2532,501,Instagram4930,41
2533,501,Instagram4931,42
2534,501,Instagram4932,43
2535,501,Instagram4933,44
2536,501,Instagram4934,45
2537,501,Instagram4935,46
2538,501,Instagram4936,47
2539,501,Instagram4937,48
